B000SFK3HC	283278011
B000SFK3HC	283288011
B000SFK3HC	283289011
B000SFK3HC	283291011
B000SFK3HC	283294011
B000SFK3HC	403835011
B000SFK3HC	1245893011
B000SFK3HC	1245892011
B000SFK3HC	1245888011
B000SFK3HC	1245887011
B000SFK3HC	668706011
B000SFK3HC	603009011
B000SFK3HC	603008011
B000SFK3HC	603004011
B000SFK3HC	603003011
B000SFK3HC	589315011
B000SFK3HC	754528
B000H84CFY	172606
B000H84CFY	301330
B000H84CFY	1067706
B000H84CFY	465604
B000H84CFY	1200634
B000H84CFY	240567011
B000H84CFY	295859011
B000H84CFY	295858011
B000H84CFY	754528
B000H84CFY	1245719011
